id,name,model_id:id,group_id:id,perm_read,perm_write,perm_create,perm_unlink
access_transit_route_user,transit.route.user,model_transit_route,transit_operations.group_transit_user,1,0,0,0
access_transit_route_manager,transit.route.manager,model_transit_route,transit_operations.group_transit_manager,1,1,1,1
access_transit_route_checkpoint_user,transit.route.checkpoint.user,model_transit_route_checkpoint,transit_operations.group_transit_user,1,0,0,0
access_transit_route_checkpoint_manager,transit.route.checkpoint.manager,model_transit_route_checkpoint,transit_operations.group_transit_manager,1,1,1,1
access_transit_timetable_user,transit.timetable.user,model_transit_timetable,transit_operations.group_transit_user,1,0,0,0
access_transit_timetable_manager,transit.timetable.manager,model_transit_timetable,transit_operations.group_transit_manager,1,1,1,1
access_transit_dispatch_user,transit.dispatch.user,model_transit_dispatch,transit_operations.group_transit_user,1,1,1,0
access_transit_dispatch_manager,transit.dispatch.manager,model_transit_dispatch,transit_operations.group_transit_manager,1,1,1,1
access_transit_dispatch_checkpoint_user,transit.dispatch.checkpoint.user,model_transit_dispatch_checkpoint,transit_operations.group_transit_user,1,1,1,0
access_transit_dispatch_checkpoint_manager,transit.dispatch.checkpoint.manager,model_transit_dispatch_checkpoint,transit_operations.group_transit_manager,1,1,1,1
access_transit_ticket_user,transit.ticket.user,model_transit_ticket,transit_operations.group_transit_user,1,1,1,0
access_transit_ticket_manager,transit.ticket.manager,model_transit_ticket,transit_operations.group_transit_manager,1,1,1,1
access_transit_schedule_generator_user,transit.schedule.generator.user,model_transit_schedule_generator,transit_operations.group_transit_user,1,1,1,1
access_transit_schedule_generator_manager,transit.schedule.generator.manager,model_transit_schedule_generator,transit_operations.group_transit_manager,1,1,1,1
access_transit_route_shape_user,transit.route.shape.user,model_transit_route_shape,transit_operations.group_transit_user,1,0,0,0
access_transit_route_shape_manager,transit.route.shape.manager,model_transit_route_shape,transit_operations.group_transit_manager,1,1,1,1
access_transit_concessionaire_user,transit.concessionaire.user,model_transit_concessionaire,transit_operations.group_transit_user,1,0,0,0
access_transit_concessionaire_manager,transit.concessionaire.manager,model_transit_concessionaire,transit_operations.group_transit_manager,1,1,1,1
access_transit_clearing_period_user,transit.clearing.period.user,model_transit_clearing_period,transit_operations.group_transit_user,1,0,0,0
access_transit_clearing_period_manager,transit.clearing.period.manager,model_transit_clearing_period,transit_operations.group_transit_manager,1,1,1,1
access_transit_clearing_settlement_user,transit.clearing.settlement.user,model_transit_clearing_settlement,transit_operations.group_transit_user,1,0,0,0
access_transit_clearing_settlement_manager,transit.clearing.settlement.manager,model_transit_clearing_settlement,transit_operations.group_transit_manager,1,1,1,1
access_transit_concessionaire_evaluation_user,transit.concessionaire.evaluation.user,model_transit_concessionaire_evaluation,transit_operations.group_transit_user,1,0,0,0
access_transit_concessionaire_evaluation_manager,transit.concessionaire.evaluation.manager,model_transit_concessionaire_evaluation,transit_operations.group_transit_manager,1,1,1,1
access_transit_charging_station_user,transit.charging.station.user,model_transit_charging_station,transit_operations.group_transit_user,1,0,0,0
access_transit_charging_station_manager,transit.charging.station.manager,model_transit_charging_station,transit_operations.group_transit_manager,1,1,1,1
access_transit_charger_user,transit.charger.user,model_transit_charger,transit_operations.group_transit_user,1,0,0,0
access_transit_charger_manager,transit.charger.manager,model_transit_charger,transit_operations.group_transit_manager,1,1,1,1
access_transit_charging_session_user,transit.charging.session.user,model_transit_charging_session,transit_operations.group_transit_user,1,0,0,0
access_transit_charging_session_manager,transit.charging.session.manager,model_transit_charging_session,transit_operations.group_transit_manager,1,1,1,1
access_transit_shift_preference_user,transit.shift.preference.user,model_transit_shift_preference,transit_operations.group_transit_user,1,1,1,0
access_transit_shift_preference_manager,transit.shift.preference.manager,model_transit_shift_preference,transit_operations.group_transit_manager,1,1,1,1
access_transit_gtfs_export_wizard_user,transit.gtfs.export.wizard.user,model_transit_gtfs_export_wizard,transit_operations.group_transit_user,1,1,1,1
access_transit_gtfs_export_wizard_manager,transit.gtfs.export.wizard.manager,model_transit_gtfs_export_wizard,transit_operations.group_transit_manager,1,1,1,1
access_transit_simulation_wizard_user,transit.simulation.wizard.user,model_transit_simulation_wizard,transit_operations.group_transit_user,1,1,1,1
access_transit_simulation_wizard_manager,transit.simulation.wizard.manager,model_transit_simulation_wizard,transit_operations.group_transit_manager,1,1,1,1
